City_ID,City,Country,Date,Lat,Lng,Max Temp,Humidity,Cloudiness,Wind Speed
0,Catuday,PH,2021-05-23 21:11:35,16.2923,119.8062,80.1,78,5,5.44
1,Kavaratti,IN,2021-05-23 21:11:36,10.5669,72.642,83.23,74,98,7.61
2,Hobart,AU,2021-05-23 21:11:36,-42.8794,147.3294,44.28,90,0,4.0
3,Busselton,AU,2021-05-23 21:11:37,-33.65,115.3333,45.05,65,78,16.37
4,Jamestown,US,2021-05-23 21:11:37,42.097,-79.2353,79.92,73,90,10.36
5,Punta Arenas,CL,2021-05-23 21:07:26,-53.15,-70.9167,39.31,81,40,9.53
6,Georgetown,MY,2021-05-23 21:10:04,5.4112,100.3354,82.89,85,20,4.5
7,Mount Gambier,AU,2021-05-23 21:11:38,-37.8333,140.7667,59.49,55,100,12.26
8,Mahebourg,MU,2021-05-23 21:11:38,-20.4081,57.7,70.25,79,72,13.0
9,Jalu,LY,2021-05-23 21:11:39,29.0331,21.5482,78.62,16,0,8.03
10,Port Alfred,ZA,2021-05-23 21:11:39,-33.5906,26.891,65.07,41,78,10.11
11,Kruisfontein,ZA,2021-05-23 21:11:39,-34.0033,24.7314,61.21,29,12,9.13
12,Atuona,PF,2021-05-23 21:11:40,-9.8,-139.0333,79.59,81,24,19.28
13,Ostrovnoy,RU,2021-05-23 21:11:40,68.0531,39.5131,33.26,66,9,2.89
14,Letterkenny,IE,2021-05-23 21:11:40,54.95,-7.7333,40.14,90,55,3.22
15,Barrow,US,2021-05-23 21:11:40,71.2906,-156.7887,32.02,86,90,17.27
16,Aitape,PG,2021-05-23 21:11:41,-3.1374,142.3475,77.79,87,100,4.68
17,Fakse Ladeplads,DK,2021-05-23 21:11:41,55.2198,12.1701,52.02,83,85,6.49
18,Mogadishu,SO,2021-05-23 21:11:41,2.0371,45.3438,78.76,80,100,18.61
19,Kodiak,US,2021-05-23 21:11:41,57.79,-152.4072,51.31,71,1,4.61
20,Xichang,CN,2021-05-23 21:11:42,27.8964,102.2634,60.84,87,96,3.94
21,Albany,US,2021-05-23 21:11:43,42.6001,-73.9662,74.75,83,97,8.1
22,Torbay,CA,2021-05-23 21:11:43,47.6666,-52.7314,51.67,92,90,28.77
23,Zlobin,HR,2021-05-23 21:11:43,45.2924,14.6541,52.9,94,75,7.07
24,Ushuaia,AR,2021-05-23 21:09:14,-54.8,-68.3,38.79,97,100,8.77
25,Vaini,TO,2021-05-23 21:11:43,-21.2,-175.2,71.76,94,90,11.5
26,Carnarvon,AU,2021-05-23 21:11:44,-24.8667,113.6333,59.07,100,75,4.61
27,Puerto Ayora,EC,2021-05-23 21:11:44,-0.7393,-90.3518,80.56,83,61,5.99
28,Westport,US,2021-05-23 21:11:44,41.1415,-73.3579,90.09,60,90,10.63
29,Bengkulu,ID,2021-05-23 21:11:44,-3.8004,102.2655,75.69,90,99,3.85
30,Mataura,NZ,2021-05-23 21:11:45,-46.1927,168.8643,39.0,95,11,1.45
31,Saint-Georges,GD,2021-05-23 21:11:45,12.0564,-61.7485,81.1,76,63,16.91
32,Okhotsk,RU,2021-05-23 21:11:45,59.3833,143.3,33.58,88,100,2.13
33,Hermanus,ZA,2021-05-23 21:11:46,-34.4187,19.2345,63.48,54,70,10.31
34,Bassar,TG,2021-05-23 21:11:46,9.25,0.7833,76.89,71,27,0.54
35,Xining,CN,2021-05-23 21:11:46,36.6167,101.7667,40.96,81,4,2.15
36,Ponta Do Sol,PT,2021-05-23 21:11:46,32.6667,-17.1,65.03,72,94,9.91
37,East London,ZA,2021-05-23 21:07:30,-33.0153,27.9116,63.55,38,97,7.23
38,Thompson,CA,2021-05-23 21:11:47,55.7435,-97.8558,62.46,32,2,12.33
39,Tomatlan,MX,2021-05-23 21:11:47,19.9333,-105.25,97.2,27,21,11.9
40,Rawson,AR,2021-05-23 21:11:47,-43.3002,-65.1023,55.69,58,70,10.4
41,Bambous Virieux,MU,2021-05-23 21:11:48,-20.3428,57.7575,70.21,79,65,12.73
42,Warangal,IN,2021-05-23 21:11:48,18.0,79.5833,91.74,34,98,4.16
43,Sheridan,US,2021-05-23 21:11:48,44.8333,-106.9173,72.01,19,1,7.0
44,Taseyevo,RU,2021-05-23 21:11:49,57.2169,94.8978,50.04,99,100,5.21
45,Saldanha,ZA,2021-05-23 21:11:49,-33.0117,17.9442,64.53,48,22,10.67
46,Svetlogorsk,BY,2021-05-23 21:11:49,52.6333,29.7333,49.66,92,94,5.32
47,Dikson,RU,2021-05-23 21:11:50,73.5069,80.5464,28.94,90,100,17.81
48,Palmer,US,2021-05-23 21:11:50,42.1584,-72.3287,85.48,65,75,3.0
49,Butaritari,KI,2021-05-23 21:11:50,3.0707,172.7902,83.03,77,63,17.58
50,Gushi,CN,2021-05-23 21:11:51,34.6425,109.5843,61.16,42,35,4.38
51,Longjiang,CN,2021-05-23 21:11:51,47.3303,123.1836,47.53,50,79,14.92
52,Longyearbyen,SJ,2021-05-23 21:11:51,78.2186,15.6401,28.24,64,20,12.66
53,Lebu,CL,2021-05-23 21:11:51,-37.6167,-73.65,53.85,76,100,3.2
54,Arys,KZ,2021-05-23 21:11:52,42.4252,68.795,73.62,54,82,7.27
55,Ilulissat,GL,2021-05-23 21:11:52,69.2167,-51.1,42.82,31,86,11.5
56,Kapaa,US,2021-05-23 21:11:52,22.0752,-159.319,80.92,70,40,1.01
57,Tolga,DZ,2021-05-23 21:11:53,34.7222,5.3785,90.59,18,34,11.86
58,Soyo,AO,2021-05-23 21:11:53,-6.1349,12.3689,78.15,81,100,2.77
59,Yerbogachen,RU,2021-05-23 21:11:53,61.2767,108.0108,38.75,63,36,3.31
60,Pemangkat,ID,2021-05-23 21:09:10,1.1667,108.9667,77.34,91,100,5.06
61,Rikitea,PF,2021-05-23 21:11:54,-23.1203,-134.9692,74.32,68,40,3.89
62,Kilinochchi,LK,2021-05-23 21:11:54,9.3961,80.3982,82.67,81,100,15.9
63,Ca Mau,VN,2021-05-23 21:11:54,9.1769,105.15,79.27,83,98,11.54
64,Tasiilaq,GL,2021-05-23 21:11:55,65.6145,-37.6368,33.96,96,100,12.77
65,Altay,CN,2021-05-23 21:11:55,47.8667,88.1167,55.22,44,0,6.06
66,Acajutla,SV,2021-05-23 21:11:55,13.5928,-89.8275,96.8,64,34,7.16
67,Saint Anthony,US,2021-05-23 21:11:55,45.0205,-93.218,79.92,74,20,1.01
68,Qaqortoq,GL,2021-05-23 21:11:56,60.7167,-46.0333,45.1,62,100,7.94
69,Banfora,BF,2021-05-23 21:08:20,10.6333,-4.7667,93.04,32,76,4.0
70,Tiksi,RU,2021-05-23 21:11:56,71.6872,128.8694,30.43,78,61,9.44
71,Bredasdorp,ZA,2021-05-23 21:11:57,-34.5322,20.0403,58.82,49,89,5.68
72,Marienburg,PL,2021-05-23 21:11:08,54.0359,19.0266,49.87,92,59,0.78
73,Inhambane,MZ,2021-05-23 21:11:57,-23.865,35.3833,66.47,67,0,9.64
74,Zabol,AF,2021-05-23 21:11:58,32.25,67.25,64.67,15,0,8.72
75,Bethel,US,2021-05-23 21:11:58,41.3712,-73.414,87.35,42,20,14.97
76,Paracuru,BR,2021-05-23 21:11:58,-3.41,-39.0306,82.42,81,93,10.94
77,Tuktoyaktuk,CA,2021-05-23 21:11:58,69.4541,-133.0374,33.58,87,91,8.88
78,Alice Springs,AU,2021-05-23 21:11:59,-23.7,133.8833,45.95,41,0,9.06
79,Castro,BR,2021-05-23 21:10:31,-24.7911,-50.0119,55.67,54,3,8.1
80,Cape Town,ZA,2021-05-23 21:11:59,-33.9258,18.4232,63.88,42,44,5.01
81,Tilichiki,RU,2021-05-23 21:11:59,60.4667,166.1,32.79,87,100,9.42
82,Moranbah,AU,2021-05-23 21:12:00,-22.0016,148.0466,57.61,97,2,12.08
83,Saint-Francois,FR,2021-05-23 21:12:00,46.4154,3.9054,53.19,82,0,4.61
84,Kaitangata,NZ,2021-05-23 21:12:00,-46.2817,169.8464,46.92,82,64,4.03
85,Khatanga,RU,2021-05-23 21:12:01,71.9667,102.5,35.22,92,100,6.91
86,Haines Junction,CA,2021-05-23 21:12:01,60.7522,-137.5108,41.94,95,100,2.77
87,Catalao,BR,2021-05-23 21:09:06,-18.1658,-47.9464,72.18,67,100,4.43
88,Yellowknife,CA,2021-05-23 21:07:23,62.456,-114.3525,62.33,42,1,5.99
89,Saskylakh,RU,2021-05-23 21:12:02,71.9167,114.0833,37.04,90,100,15.46
90,Chuy,UY,2021-05-23 21:12:02,-33.6971,-53.4616,53.56,89,100,24.23
91,Kahului,US,2021-05-23 21:09:13,20.8947,-156.47,84.22,70,40,18.41
92,Wilkes-Barre,US,2021-05-23 21:08:13,41.2459,-75.8813,87.42,62,75,15.01
93,Ulaangom,MN,2021-05-23 21:12:03,49.9811,92.0667,51.53,53,5,2.95
94,Itaituba,BR,2021-05-23 21:12:03,-4.2761,-55.9836,83.68,66,100,2.01
95,Hilo,US,2021-05-23 21:12:03,19.7297,-155.09,81.81,78,40,13.8
96,Peniche,PT,2021-05-23 21:12:03,39.3558,-9.3811,60.62,74,8,15.1
97,Kathu,TH,2021-05-23 21:10:33,7.9178,98.3332,82.62,71,97,10.98
98,Hobyo,SO,2021-05-23 21:12:04,5.3505,48.5268,79.11,76,91,21.54
99,Japura,ID,2021-05-23 21:12:04,-0.3167,102.35,73.65,94,62,1.3
100,Cherskiy,RU,2021-05-23 21:12:05,68.75,161.3,42.15,55,11,5.82
101,General Roca,AR,2021-05-23 21:08:02,-39.0333,-67.5833,61.2,41,9,10.2
102,Port Elizabeth,ZA,2021-05-23 21:12:05,-33.918,25.5701,52.09,71,40,3.44
103,San Cristobal,VE,2021-05-23 21:12:05,7.7669,-72.225,80.78,62,98,4.45
104,Bluff,NZ,2021-05-23 21:12:06,-46.6,168.3333,47.89,63,88,8.52
105,New Norfolk,AU,2021-05-23 21:12:06,-42.7826,147.0587,43.92,84,100,2.93
106,Bay Roberts,CA,2021-05-23 21:12:06,47.5999,-53.2648,52.43,92,100,11.01
107,Ferry Pass,US,2021-05-23 21:12:07,30.5102,-87.2125,89.17,49,1,11.5
108,Saint George,US,2021-05-23 21:12:07,37.1041,-113.5841,77.47,17,1,3.0
109,Lompoc,US,2021-05-23 21:12:07,34.6391,-120.4579,74.7,66,1,18.41
110,Bathsheba,BB,2021-05-23 21:07:21,13.2167,-59.5167,83.01,70,40,17.69
111,Tafresh,IR,2021-05-23 21:12:08,34.692,50.013,60.73,53,93,5.37
112,Faya,SA,2021-05-23 21:12:08,18.3851,42.4509,66.72,42,0,3.2
113,Esperance,AU,2021-05-23 21:10:26,-33.8667,121.9,53.01,72,99,26.17
114,Joniskis,LT,2021-05-23 21:12:09,56.2403,23.6153,47.32,95,55,9.35
115,Santa Vitoria Do Palmar,BR,2021-05-23 21:12:09,-33.5189,-53.3681,53.49,88,100,23.89
116,Gaozhou,CN,2021-05-23 21:12:09,21.9392,110.8461,78.53,90,51,3.36
117,Burnie,AU,2021-05-23 21:12:09,-41.0667,145.9167,48.94,86,97,10.02
118,Doha,QA,2021-05-23 21:12:10,25.2867,51.5333,91.38,49,0,9.22
119,Hasaki,JP,2021-05-23 21:12:10,35.7333,140.8333,61.29,83,88,3.56
120,Brae,GB,2021-05-23 21:12:10,60.3964,-1.353,48.11,73,100,10.29
121,Wattegama,LK,2021-05-23 21:12:10,6.7989,81.4808,78.08,79,100,7.99
122,Krasnogorsk,RU,2021-05-23 21:12:11,55.8225,37.3181,55.4,89,0,10.02
123,Sorland,NO,2021-05-23 21:12:11,67.667,12.6934,41.07,69,100,13.53
124,Biltine,TD,2021-05-23 21:12:11,14.5333,20.9167,87.4,12,23,7.87
125,Avarua,CK,2021-05-23 21:12:12,-21.2078,-159.775,80.65,83,75,13.8
126,Meulaboh,ID,2021-05-23 21:12:12,4.1363,96.1285,77.29,89,100,5.14
127,Lorengau,PG,2021-05-23 21:12:12,-2.0226,147.2712,80.26,82,60,5.97
128,Atlantic City,US,2021-05-23 21:07:25,39.3643,-74.4229,92.25,50,75,13.78
129,Vieques,PR,2021-05-23 21:12:12,18.425,-65.8329,82.42,75,75,15.26
130,Kununurra,AU,2021-05-23 21:12:13,-15.7667,128.7333,64.38,100,24,0.0
131,Saint-Pierre,RE,2021-05-23 21:12:13,-21.3393,55.4781,73.04,94,75,8.05
132,Payo,ID,2021-05-23 21:12:13,-3.7508,103.6372,72.3,98,76,1.28
133,Abhar,IR,2021-05-23 21:12:13,36.1468,49.218,61.9,66,100,3.09
134,Gold Coast,AU,2021-05-23 21:09:44,-28.0,153.4333,62.67,81,1,4.0
135,Clyde River,CA,2021-05-23 21:12:14,70.4692,-68.5914,21.43,93,90,13.8
136,Kargopol,RU,2021-05-23 21:12:14,61.5071,38.9456,53.89,91,100,8.68
137,Homer,US,2021-05-23 21:12:15,59.6425,-151.5483,61.09,63,1,8.05
138,Saint-Philippe,RE,2021-05-23 21:12:15,-21.3585,55.7679,72.95,81,94,13.49
139,Whitehorse,CA,2021-05-23 21:12:16,60.7161,-135.0538,53.1,46,100,5.99
140,Fairbanks,US,2021-05-23 21:12:16,64.8378,-147.7164,51.76,50,1,0.0
141,Mudanjiang,CN,2021-05-23 21:12:16,44.5833,129.6,51.04,88,7,6.8
142,Souillac,MU,2021-05-23 21:12:16,-20.5167,57.5167,70.36,82,78,12.28
143,Northam,GB,2021-05-23 21:12:17,51.0333,-4.2167,49.01,88,91,15.7
144,Codrington,AU,2021-05-23 21:12:17,-38.2667,141.9667,54.16,68,100,10.6
145,Arraial Do Cabo,BR,2021-05-23 21:12:17,-22.9661,-42.0278,76.86,78,0,2.3
146,Flinders,AU,2021-05-23 21:12:18,-34.5833,150.8552,59.2,95,98,1.01
147,Shieli,KZ,2021-05-23 21:12:18,44.1667,66.75,77.25,24,4,15.26
148,Gorontalo,ID,2021-05-23 21:12:18,0.5412,123.0595,74.61,94,60,2.1
149,Nanortalik,GL,2021-05-23 21:12:19,60.1432,-45.2371,37.31,67,100,6.4
150,Presidencia Roque Saenz Pena,AR,2021-05-23 21:12:19,-26.7852,-60.4388,62.91,51,0,5.91
151,Lagoa,PT,2021-05-23 21:12:19,39.05,-27.9833,60.6,64,19,7.2
152,Pangnirtung,CA,2021-05-23 21:12:20,66.1451,-65.7125,21.07,78,100,2.39
153,Karratha,AU,2021-05-23 21:12:20,-20.7377,116.8463,71.82,60,81,11.23
154,Nouadhibou,MR,2021-05-23 21:12:20,20.931,-17.0347,66.18,88,0,17.27
155,Sisimiut,GL,2021-05-23 21:12:20,66.9395,-53.6735,35.87,61,97,2.71
156,Carahue,CL,2021-05-23 21:12:21,-38.7,-73.1667,48.4,82,100,0.85
157,Guerrero Negro,MX,2021-05-23 21:12:21,27.9769,-114.0611,69.62,47,1,18.5
158,Batemans Bay,AU,2021-05-23 21:12:21,-35.7167,150.1833,54.91,91,40,2.93
159,Provideniya,RU,2021-05-23 21:12:21,64.3833,-173.3,33.91,69,75,15.66
160,Nikolskoye,RU,2021-05-23 21:12:22,59.7035,30.7861,53.49,98,55,7.14
161,Salalah,OM,2021-05-23 21:11:13,17.0151,54.0924,82.49,83,20,3.44
162,Ola,RU,2021-05-23 21:12:23,59.5833,151.2833,37.13,83,16,2.53
163,Roald,NO,2021-05-23 21:12:23,62.5833,6.1333,51.91,93,40,4.61
164,Chillicothe,US,2021-05-23 21:09:35,39.3331,-82.9824,88.59,57,75,10.6
165,Camden,US,2021-05-23 21:12:23,39.7835,-74.9663,92.39,37,78,1.01
166,Mar Del Plata,AR,2021-05-23 21:09:35,-38.0023,-57.5575,57.0,43,100,8.01
167,Matagami,CA,2021-05-23 21:12:24,49.7502,-77.6328,50.94,30,0,11.03
168,Tayoltita,MX,2021-05-23 21:12:24,24.0833,-105.9333,91.58,18,71,9.78
169,Chokurdakh,RU,2021-05-23 21:12:24,70.6333,147.9167,26.11,96,99,4.09
170,Comodoro Rivadavia,AR,2021-05-23 21:12:25,-45.8667,-67.5,58.86,55,0,21.85
171,Jasper,US,2021-05-23 21:07:36,37.2001,-94.3502,81.84,88,75,8.03
172,Santa Maria,BR,2021-05-23 21:12:25,-29.6842,-53.8069,54.86,68,98,15.5
173,Syava,RU,2021-05-23 21:12:25,58.0146,46.3222,54.88,89,100,2.33
174,Xinye,CN,2021-05-23 21:12:26,32.5186,112.3522,59.67,82,70,4.7
175,Fairview,US,2021-05-23 21:12:26,40.8126,-73.999,90.73,44,75,9.22
176,Aksu,CN,2021-05-23 21:10:50,41.1231,80.2644,66.81,26,92,1.41
177,Airai,TL,2021-05-23 21:12:26,-8.9266,125.4092,55.51,74,47,2.19
178,Qaanaaq,GL,2021-05-23 21:12:28,77.484,-69.3632,29.41,76,2,4.32
179,Kitimat,CA,2021-05-23 21:12:28,54.0524,-128.6534,62.91,49,22,3.0
180,Vila Franca Do Campo,PT,2021-05-23 21:12:28,37.7167,-25.4333,61.21,72,49,4.76
181,Okahandja,NA,2021-05-23 21:12:29,-21.9833,16.9167,59.83,42,0,10.51
182,Ursulo Galvan,MX,2021-05-23 21:12:29,22.7333,-98.3,95.2,35,1,11.41
183,Palora,EC,2021-05-23 21:12:29,-1.7,-77.9333,77.11,64,52,3.33
184,Ntungamo,UG,2021-05-23 21:12:30,-0.8833,29.65,64.45,95,98,3.33
185,Eyl,SO,2021-05-23 21:12:30,7.9803,49.8164,80.78,70,89,22.64
186,Malakwal,PK,2021-05-23 21:12:30,32.5536,73.2123,78.66,38,0,5.28
187,Copiapo,CL,2021-05-23 21:12:31,-27.3667,-70.3333,56.89,25,100,4.61
188,Nizhniy Kuranakh,RU,2021-05-23 21:12:31,58.8353,125.4869,36.84,97,100,11.3
189,Suleja,NG,2021-05-23 21:12:31,9.1758,7.1808,73.09,86,100,3.22
190,Cayenne,GF,2021-05-23 21:12:32,4.9333,-52.3333,78.1,90,90,1.99
191,Muros,ES,2021-05-23 21:12:32,42.7762,-9.0603,58.08,92,100,16.82
192,Kirakira,SB,2021-05-23 21:12:32,-10.4544,161.9205,76.44,93,100,6.96
193,Debre Sina,ET,2021-05-23 21:12:32,9.85,39.7667,57.31,38,68,2.33
194,Verkhnetulomskiy,RU,2021-05-23 21:12:33,68.6073,31.7962,32.13,95,44,3.53
195,Esso,RU,2021-05-23 21:12:33,55.9333,158.7,37.0,84,92,4.09
196,Port Hardy,CA,2021-05-23 21:12:33,50.6996,-127.4199,54.25,73,100,7.47
197,Trang,TH,2021-05-23 21:12:34,7.5,99.5,76.77,96,97,1.1
198,Noumea,NC,2021-05-23 21:12:34,-22.2763,166.4572,71.01,99,49,6.76
199,Bilma,NE,2021-05-23 21:12:34,18.6853,12.9164,89.53,10,0,3.2
200,Ust-Kan,RU,2021-05-23 21:12:35,50.9276,84.761,50.23,78,3,3.15
201,Tual,ID,2021-05-23 21:12:35,-5.6667,132.75,81.88,81,100,23.51
202,Kaoma,ZM,2021-05-23 21:12:35,-14.7833,24.8,56.17,59,26,5.88
203,Muravlenko,RU,2021-05-23 21:12:36,63.7898,74.523,51.28,74,51,12.53
204,Pangody,RU,2021-05-23 21:12:36,65.85,74.4859,51.98,77,85,17.83
205,Bang Racham,TH,2021-05-23 21:12:36,14.892,100.3173,84.81,71,82,6.96
206,Ojinaga,MX,2021-05-23 21:12:36,29.5667,-104.4167,99.57,21,1,8.05
207,Schwabisch Hall,DE,2021-05-23 21:12:37,49.1113,9.7391,50.11,87,3,3.44
208,Rio Gallegos,AR,2021-05-23 21:12:37,-51.6226,-69.2181,45.16,75,100,11.65
209,Waipawa,NZ,2021-05-23 21:12:37,-41.4122,175.5153,49.03,78,100,18.72
210,Sitka,US,2021-05-23 21:08:33,57.0531,-135.33,48.09,71,75,4.61
211,Scarborough,GB,2021-05-23 21:12:38,54.2797,-0.4044,49.57,86,100,4.0
212,Larsnes,NO,2021-05-23 21:12:38,62.2028,5.5773,52.21,91,96,3.62
213,Bowen,AU,2021-05-23 21:12:39,-20.0167,148.2333,64.96,91,10,10.25
214,Sabinas Hidalgo,MX,2021-05-23 21:12:39,26.5,-100.1667,88.5,43,83,13.51
215,Aguimes,ES,2021-05-23 21:12:39,27.9054,-15.4461,66.67,60,20,27.63
216,Imeni Poliny Osipenko,RU,2021-05-23 21:12:40,52.4201,136.4853,35.19,92,100,11.65
217,Hualmay,PE,2021-05-23 21:12:40,-11.0964,-77.6139,67.98,76,40,8.99
218,Touros,BR,2021-05-23 21:12:40,-5.1989,-35.4608,79.7,80,3,14.14
219,Kiama,AU,2021-05-23 21:12:40,-34.6833,150.8667,58.37,94,97,1.01
220,Yichang,CN,2021-05-23 21:12:41,30.7144,111.2847,63.81,83,100,4.41
221,Kaeo,NZ,2021-05-23 21:12:41,-35.1,173.7833,59.32,71,100,14.0
222,San Onofre,CO,2021-05-23 21:12:42,9.7359,-75.5263,82.89,80,100,4.7
223,Antigonish,CA,2021-05-23 21:12:42,45.6169,-61.9986,53.15,92,100,1.99
224,Mollendo,PE,2021-05-23 21:12:42,-17.0231,-72.0147,66.7,72,46,7.38
225,Butajira,ET,2021-05-23 21:12:43,8.1167,38.3667,65.48,51,92,1.48
226,Dunedin,NZ,2021-05-23 21:11:56,-45.8742,170.5036,48.79,71,86,4.0
227,Paracatu,BR,2021-05-23 21:12:43,-17.2222,-46.8747,78.28,49,100,1.95
228,Weatherford,US,2021-05-23 21:12:43,32.7593,-97.7972,74.79,85,100,3.0
229,Praia,CV,2021-05-23 21:12:44,14.9215,-23.5087,73.94,73,75,13.8
230,Warrnambool,AU,2021-05-23 21:12:44,-38.3833,142.4833,53.82,64,100,15.88
231,Kurchum,KZ,2021-05-23 21:12:44,48.5722,83.6542,58.6,60,0,4.9
232,Callaway,US,2021-05-23 21:12:44,30.153,-85.5699,84.9,70,1,8.01
233,Pionerskiy,RU,2021-05-23 21:12:45,54.9508,20.2275,44.44,76,71,13.11
234,Oyem,GA,2021-05-23 21:12:45,1.5995,11.5793,70.02,97,100,1.39
235,Harper,LR,2021-05-23 21:12:45,4.375,-7.7169,80.85,81,6,8.34
236,Keti Bandar,PK,2021-05-23 21:12:46,24.1447,67.4497,83.66,75,2,14.2
237,Victoria,HK,2021-05-23 21:10:18,22.2855,114.1577,85.32,84,52,3.0
238,Seoul,KR,2021-05-23 21:08:41,37.5683,126.9778,60.4,76,75,2.95
239,El Colomo,MX,2021-05-23 21:12:46,19.05,-104.25,84.18,47,2,7.56
240,Lapeer,US,2021-05-23 21:12:46,43.0514,-83.3188,76.55,67,40,9.22
241,Novosergiyevka,RU,2021-05-23 21:12:47,52.0934,53.6528,68.43,38,10,8.14
242,Montepuez,MZ,2021-05-23 21:12:47,-13.1256,38.9997,61.29,95,47,5.44
243,Ribeira Grande,PT,2021-05-23 21:12:47,38.5167,-28.7,60.84,62,96,4.56
244,Hami,CN,2021-05-23 21:12:47,42.8,93.45,63.64,18,0,5.77
245,Ancud,CL,2021-05-23 21:12:48,-41.8697,-73.8203,58.53,91,100,14.32
246,Nizhnevartovsk,RU,2021-05-23 21:12:48,60.9344,76.5531,57.22,67,20,4.47
247,Bereda,ES,2021-05-23 21:12:49,43.2686,-7.5406,54.41,85,99,8.59
248,Lavrentiya,RU,2021-05-23 21:12:49,65.5833,-171.0,32.65,95,95,4.61
249,Busembatia,UG,2021-05-23 21:12:49,0.7697,33.6131,66.58,85,100,3.71
250,Sao Joao Da Barra,BR,2021-05-23 21:12:50,-21.6403,-41.0511,78.89,81,100,10.42
251,Margate,GB,2021-05-23 21:12:50,51.3813,1.3862,52.92,73,100,5.99
252,Cabo San Lucas,MX,2021-05-23 21:12:45,22.8909,-109.9124,90.81,61,1,9.22
253,Ponta Delgada,PT,2021-05-23 21:12:50,37.7333,-25.6667,61.52,67,20,8.05
254,Nyrob,RU,2021-05-23 21:12:51,60.733,56.7202,53.31,76,100,3.53
255,Yinchuan,CN,2021-05-23 21:12:51,38.4681,106.2731,58.75,16,0,10.07
256,Anadyr,RU,2021-05-23 21:12:51,64.75,177.4833,39.7,80,40,4.0
257,Kralendijk,BQ,2021-05-23 21:12:52,12.15,-68.2667,80.1,89,100,23.38
258,Saint-Augustin,CA,2021-05-23 21:12:52,51.226,-58.6502,40.77,71,100,19.28
259,Chingirlau,KZ,2021-05-23 21:12:52,51.095,54.0814,70.79,33,9,9.84
260,Sukhobezvodnoye,RU,2021-05-23 21:12:53,57.0491,44.8891,54.19,99,100,2.68
261,Staryy Nadym,RU,2021-05-23 21:12:53,65.6118,72.6842,51.31,69,47,22.06
262,Whittlesea,ZA,2021-05-23 21:12:53,-32.1759,26.8244,49.68,33,60,5.64
263,Barbosa Ferraz,BR,2021-05-23 21:12:54,-24.03,-52.0117,58.66,51,4,4.9
264,Lekoni,GA,2021-05-23 21:12:54,-1.5843,14.2591,76.37,80,100,4.14
265,Kaohsiung,TW,2021-05-23 21:12:54,22.6163,120.3133,85.03,82,99,1.99
266,Luderitz,NA,2021-05-23 21:12:55,-26.6481,15.1594,72.05,36,0,4.07
267,Troitsko-Pechorsk,RU,2021-05-23 21:12:55,62.7084,56.1964,49.42,69,5,5.91
268,Dossor,KZ,2021-05-23 21:12:55,47.5272,52.9811,80.89,19,36,10.42
269,Port Macquarie,AU,2021-05-23 21:12:56,-31.4333,152.9167,55.36,80,94,5.06
270,Srednekolymsk,RU,2021-05-23 21:12:56,67.45,153.6833,49.46,44,39,9.13
271,San Carlos,VE,2021-05-23 21:12:57,9.6612,-68.5827,84.65,70,100,3.18
272,Port Lincoln,AU,2021-05-23 21:12:57,-34.7333,135.8667,66.72,44,100,21.85
273,Victorville,US,2021-05-23 21:12:00,34.5361,-117.2912,77.47,14,0,5.99
274,Dinga,PK,2021-05-23 21:12:57,32.6398,73.722,71.67,39,1,3.8
275,Arcata,US,2021-05-23 21:10:18,40.8665,-124.0828,73.67,60,1,3.0
276,Cairns,AU,2021-05-23 21:08:58,-16.9167,145.7667,71.55,91,75,9.22
277,Shingu,JP,2021-05-23 21:12:58,33.7333,135.9833,64.9,71,76,3.94
278,Porto Novo,BJ,2021-05-23 21:12:58,6.4965,2.6036,80.29,76,96,6.17
279,Waddan,LY,2021-05-23 21:12:58,29.1614,16.139,88.14,16,0,20.67
280,Kiruna,SE,2021-05-23 21:12:59,67.8557,20.2251,32.92,64,90,4.61
281,Diffa,NE,2021-05-23 21:12:59,13.3154,12.6113,86.97,13,0,2.82
282,Beloha,MG,2021-05-23 21:12:59,-25.1667,45.05,63.0,94,0,5.66
283,Beringovskiy,RU,2021-05-23 21:13:00,63.05,179.3167,31.86,98,100,10.18
284,Dekar,BW,2021-05-23 21:13:00,-21.5333,21.9333,57.38,50,0,8.46
285,Kihei,US,2021-05-23 21:12:50,20.785,-156.4656,84.22,68,40,2.62
286,Klaksvik,FO,2021-05-23 21:13:00,62.2266,-6.589,43.72,76,93,6.35
287,Yulara,AU,2021-05-23 21:13:01,-25.2406,130.9889,60.64,44,6,4.61
288,San Rafael,AR,2021-05-23 21:10:35,-34.6177,-68.3301,58.59,34,0,6.11
289,Samarkand,UZ,2021-05-23 21:13:01,39.6542,66.9597,71.02,37,100,13.8
290,Vostok,RU,2021-05-23 21:13:02,46.4856,135.8833,54.45,64,99,3.83
291,Faanui,PF,2021-05-23 21:13:02,-16.4833,-151.75,81.48,75,79,15.64
292,Norman Wells,CA,2021-05-23 21:13:02,65.282,-126.8329,45.12,89,100,10.49
293,Buritis,BR,2021-05-23 21:13:02,-15.6178,-46.4233,80.64,42,67,4.9
294,Cacu,BR,2021-05-23 21:13:03,-18.5567,-51.1308,69.17,92,100,10.27
295,Barao De Melgaco,BR,2021-05-23 21:13:03,-16.1944,-55.9675,70.32,84,100,3.49
296,Luebo,CD,2021-05-23 21:13:03,-5.35,21.4167,75.2,76,100,2.08
297,Stratonion,GR,2021-05-23 21:13:04,40.5141,23.8247,70.05,63,3,2.15
298,Outjo,NA,2021-05-23 21:13:04,-20.1167,16.15,60.57,41,0,8.59
299,Port Hedland,AU,2021-05-23 21:08:19,-20.3167,118.5667,64.45,77,13,8.05
300,Constitucion,CL,2021-05-23 21:13:05,-35.3333,-72.4167,58.06,68,46,12.41
301,Pastavy,BY,2021-05-23 21:13:05,55.1168,26.8326,47.97,97,100,7.29
302,Pereira Barreto,BR,2021-05-23 21:13:05,-20.6383,-51.1092,62.35,75,100,6.53
303,Caravelas,BR,2021-05-23 21:13:06,-17.7125,-39.2481,76.28,85,94,9.46
304,Adrar,MR,2021-05-23 21:13:06,20.5022,-10.0711,95.83,15,7,10.74
305,Upernavik,GL,2021-05-23 21:10:06,72.7868,-56.1549,30.65,83,16,8.59
306,Lima,PE,2021-05-23 21:10:50,-12.0432,-77.0282,68.14,67,40,1.99
307,Vigrestad,NO,2021-05-23 21:13:06,58.5667,5.7,47.88,79,100,7.14
308,Havelock,US,2021-05-23 21:12:45,34.8791,-76.9013,95.05,48,19,5.99
309,Yol,IN,2021-05-23 21:13:07,32.1667,76.2,70.45,50,78,5.39
310,Khani,GE,2021-05-23 21:13:07,41.9563,42.9566,49.57,100,100,1.86
311,San Patricio,US,2021-05-23 21:13:07,28.017,-97.5169,88.21,67,96,8.28
312,Boli,CN,2021-05-23 21:13:07,45.7667,130.5167,52.9,87,68,5.59
313,Wanaka,NZ,2021-05-23 21:13:08,-44.7,169.15,40.91,82,39,4.16
314,Sembe,CG,2021-05-23 21:13:08,1.6481,14.5806,71.56,97,97,2.77
315,Abdanan,IR,2021-05-23 21:13:08,32.9926,47.4198,75.76,20,0,7.65
316,Bambanglipuro,ID,2021-05-23 21:13:09,-7.95,110.2833,75.11,92,45,3.0
317,Ternate,ID,2021-05-23 21:13:09,0.8,127.4,80.67,78,100,2.77
318,Belmonte,BR,2021-05-23 21:13:09,-15.8631,-38.8828,79.3,87,52,8.9
319,Lazaro Cardenas,MX,2021-05-23 21:13:09,17.9583,-102.2,88.11,44,69,12.21
320,Marion,US,2021-05-23 21:13:10,39.7684,-86.1555,86.49,54,75,8.66
321,Russellville,US,2021-05-23 21:13:10,35.2784,-93.1338,85.06,51,75,6.91
322,Te Anau,NZ,2021-05-23 21:13:11,-45.4167,167.7167,39.87,94,21,3.96
323,Stolin,BY,2021-05-23 21:13:11,51.8912,26.846,51.4,80,100,1.83
324,Ustyuzhna,RU,2021-05-23 21:13:11,58.8394,36.4321,50.13,93,56,10.83
325,Bocaiuva,BR,2021-05-23 21:13:12,-17.1078,-43.815,77.36,39,58,5.53
326,Juneau,US,2021-05-23 21:13:12,58.3019,-134.4197,48.25,98,75,0.58
327,Ninh Binh,VN,2021-05-23 21:13:12,20.2539,105.975,80.92,88,40,3.53
328,Kloulklubed,PW,2021-05-23 21:13:12,7.0419,134.2556,77.5,81,100,10.16
329,Ayan,RU,2021-05-23 21:13:13,56.45,138.1667,32.76,99,100,16.22
330,Mayskiy,RU,2021-05-23 21:13:13,47.6931,40.1025,62.01,80,33,7.31
331,Dingle,PH,2021-05-23 21:13:13,10.9995,122.6711,76.77,86,0,3.44
332,Fukue,JP,2021-05-23 21:13:14,32.6881,128.8419,62.38,92,100,14.88
333,Sharjah,AE,2021-05-23 21:13:14,25.3573,55.4033,94.98,38,0,5.44
334,Daru,PG,2021-05-23 21:13:14,-9.0763,143.2092,78.01,79,82,14.34
335,Norwich,GB,2021-05-23 21:10:42,52.6278,1.2983,53.37,81,75,10.0
336,Cockburn Town,TC,2021-05-23 21:13:14,21.4612,-71.1419,78.28,77,3,20.49
337,Babushkin,RU,2021-05-23 21:13:15,51.7122,105.8647,37.53,79,79,11.81
338,Nioro,GM,2021-05-23 21:13:15,13.35,-15.75,82.13,40,45,12.75
339,Gazli,UZ,2021-05-23 21:13:16,40.1333,63.45,78.35,22,0,0.98
340,Zhangye,CN,2021-05-23 21:13:16,38.9342,100.4517,51.96,22,1,6.06
341,Tamandare,BR,2021-05-23 21:13:16,-8.7597,-35.1047,76.87,80,2,7.4
342,Leningradskiy,RU,2021-05-23 21:13:16,69.3833,178.4167,31.12,88,77,1.57
343,Charlestown,AU,2021-05-23 21:13:17,-32.95,151.6667,58.73,96,90,1.99
344,Coquimbo,CL,2021-05-23 21:13:17,-29.9533,-71.3436,62.33,57,0,7.2
345,Trinidad,BO,2021-05-23 21:13:17,-14.8333,-64.9,70.36,63,100,7.47
346,Jiazi,CN,2021-05-23 21:13:18,22.8779,116.067,80.67,88,68,5.06
347,Intipuca,SV,2021-05-23 21:13:18,13.1969,-88.0544,93.96,42,100,7.45
348,Gachala,CO,2021-05-23 21:13:18,4.6924,-73.5204,78.55,96,86,2.3
349,College,US,2021-05-23 21:13:18,64.8569,-147.8028,51.75,49,75,4.61
350,Anamur,TR,2021-05-23 21:11:07,36.0751,32.8369,66.22,50,5,8.93
351,Ushibuka,JP,2021-05-23 21:13:19,32.1906,130.0228,64.38,84,100,9.19
352,Talcahuano,CL,2021-05-23 21:13:19,-36.7167,-73.1167,56.88,77,0,8.05
353,Jinchang,CN,2021-05-23 21:13:19,38.4953,102.1739,52.09,24,3,4.5
354,Uspenskaya,RU,2021-05-23 21:13:20,45.7645,41.067,66.99,92,58,4.72
355,Susangerd,IR,2021-05-23 21:13:15,31.5608,48.1831,95.02,15,0,15.66
356,Namatanai,PG,2021-05-23 21:13:20,-3.6667,152.4333,77.56,90,100,0.92
357,Avera,US,2021-05-23 21:13:21,33.194,-82.5271,91.71,35,8,5.1
358,Smithers,CA,2021-05-23 21:13:21,54.7804,-127.1743,64.85,35,19,4.63
359,Twentynine Palms,US,2021-05-23 21:13:21,34.1356,-116.0542,80.15,15,0,5.01
360,Antofagasta,CL,2021-05-23 21:11:39,-23.65,-70.4,60.08,75,98,4.12
361,Linares,CL,2021-05-23 21:08:23,-35.85,-71.6,55.6,64,7,7.36
362,Pevek,RU,2021-05-23 21:13:22,69.7008,170.3133,29.89,81,13,5.3
363,La Ronge,CA,2021-05-23 21:13:22,55.1001,-105.2842,60.62,48,45,7.07
364,Sassandra,CI,2021-05-23 21:13:22,4.95,-6.0833,80.35,86,12,5.95
365,Najran,SA,2021-05-23 21:13:22,17.4924,44.1277,80.49,36,2,7.09
366,Atikokan,CA,2021-05-23 21:13:23,48.7555,-91.6216,46.56,50,100,9.42
367,Vila Velha,BR,2021-05-23 21:13:23,-20.3297,-40.2925,78.94,81,0,8.01
368,Adwa,ET,2021-05-23 21:13:23,14.1646,38.8955,74.17,26,23,4.45
369,Flin Flon,CA,2021-05-23 21:13:24,54.7682,-101.865,63.32,41,0,8.86
370,Haicheng,CN,2021-05-23 21:13:24,40.8516,122.7475,49.35,89,20,6.6
371,Elliot,ZA,2021-05-23 21:13:25,-31.3333,27.85,46.87,38,42,8.16
372,Nizhnyaya Tavda,RU,2021-05-23 21:13:25,57.6731,66.1725,57.76,91,82,5.66
373,Deputatskiy,RU,2021-05-23 21:13:25,69.3,139.9,29.08,78,11,4.16
374,Husavik,IS,2021-05-23 21:13:25,66.0449,-17.3389,36.48,98,100,8.72
375,Erenhot,CN,2021-05-23 21:13:26,43.6475,111.9767,43.81,23,59,8.77
376,Buala,SB,2021-05-23 21:13:26,-8.145,159.5921,80.04,85,100,12.73
377,Port Blair,IN,2021-05-23 21:13:26,11.6667,92.75,81.91,84,100,26.15
378,Hukuntsi,BW,2021-05-23 21:13:27,-24.0,21.75,57.74,43,0,9.62
379,Cabra,ES,2021-05-23 21:13:27,37.4725,-4.4421,64.65,40,63,8.12
380,Grindavik,IS,2021-05-23 21:13:27,63.8424,-22.4338,48.67,72,75,7.85
381,Naze,JP,2021-05-23 21:13:27,28.3667,129.4833,75.81,91,65,14.99
382,Los Llanos De Aridane,ES,2021-05-23 21:13:28,28.6585,-17.9182,64.15,70,90,21.99
383,Angoche,MZ,2021-05-23 21:13:28,-16.2325,39.9086,71.82,80,65,8.75
384,Henties Bay,NA,2021-05-23 21:13:29,-22.116,14.2845,75.85,43,0,4.72
385,Menongue,AO,2021-05-23 21:13:29,-14.6585,17.691,56.68,54,47,4.52
386,Dali,CN,2021-05-23 21:13:29,25.7,100.1833,62.6,89,6,3.85
387,Linhai,CN,2021-05-23 21:13:30,28.85,121.1167,69.93,87,100,4.52
388,Port-Cartier,CA,2021-05-23 21:13:30,50.0334,-66.8654,49.93,34,100,13.24
389,Marabba,SD,2021-05-23 21:13:30,12.35,32.1833,93.76,10,1,5.53
390,Sakakah,SA,2021-05-23 21:13:30,29.9697,40.2064,78.58,21,0,7.76
391,Lakes Entrance,AU,2021-05-23 21:13:31,-37.8811,147.981,46.2,61,14,5.19
392,Stornoway,GB,2021-05-23 21:13:31,58.2093,-6.3865,46.92,87,75,10.36
393,Zyryanka,RU,2021-05-23 21:13:31,65.75,150.85,46.65,64,12,9.82
394,Hambantota,LK,2021-05-23 21:13:31,6.1241,81.1185,81.45,82,93,17.87
395,Mporokoso,ZM,2021-05-23 21:13:32,-9.3727,30.125,57.07,63,4,7.65
396,Narsaq,GL,2021-05-23 21:13:32,60.9167,-46.05,44.82,54,100,7.45
397,San-Pedro,CI,2021-05-23 21:13:32,4.7485,-6.6363,80.87,86,11,6.24
398,Dzhebariki-Khaya,RU,2021-05-23 21:13:32,62.2167,135.8,49.21,47,100,5.28
399,Espanola,US,2021-05-23 21:13:33,35.9911,-106.0806,79.52,10,0,21.03
400,Gat,IL,2021-05-23 21:10:01,31.61,34.7642,68.68,78,7,2.71
401,Yeppoon,AU,2021-05-23 21:13:33,-23.1333,150.7333,55.18,88,35,13.0
402,Solone,UA,2021-05-23 21:13:33,48.2081,34.8721,60.85,65,80,3.36
403,Bandarbeyla,SO,2021-05-23 21:13:34,9.4942,50.8122,81.14,74,77,22.44
404,Tiarei,PF,2021-05-23 21:13:34,-17.5333,-149.3333,84.22,76,24,9.08
405,Bhadasar,IN,2021-05-23 21:13:35,28.2833,74.3167,84.58,34,0,4.14
406,Havre-Saint-Pierre,CA,2021-05-23 21:13:35,50.2334,-63.5986,48.4,47,99,21.92
407,Severo-Kurilsk,RU,2021-05-23 21:13:35,50.6789,156.125,45.97,62,45,5.53
408,Djenne,ML,2021-05-23 21:13:36,13.9061,-4.5533,97.66,25,100,9.55
409,Ketchikan,US,2021-05-23 21:13:36,55.3422,-131.6461,53.51,71,87,3.09
410,Kosh-Agach,RU,2021-05-23 21:13:36,50.0,88.6667,40.23,80,11,3.51
411,Fort Nelson,CA,2021-05-23 21:13:37,58.8053,-122.7002,68.07,27,67,2.21
412,Manadhoo,MV,2021-05-23 21:13:37,5.7667,73.3833,84.11,76,99,19.71
413,Floro,NO,2021-05-23 21:13:37,61.5996,5.0328,52.5,81,90,6.91
414,Makakilo City,US,2021-05-23 21:11:01,21.3469,-158.0858,82.15,65,1,12.66
415,Edd,ER,2021-05-23 21:13:38,13.9297,41.6925,90.14,52,3,6.22
416,Vagur,FO,2021-05-23 21:13:38,61.4732,-6.8119,44.85,79,100,14.05
417,Hamilton,US,2021-05-23 21:10:23,39.1834,-84.5333,85.5,59,90,1.01
418,Pacific Grove,US,2021-05-23 21:13:39,36.6177,-121.9166,75.15,75,1,1.99
419,Yaan,NG,2021-05-23 21:13:39,7.3833,8.5667,79.09,74,82,2.91
420,Kavieng,PG,2021-05-23 21:13:40,-2.5744,150.7967,80.96,83,100,11.74
421,Jumla,NP,2021-05-23 21:13:40,29.2747,82.1838,52.57,92,1,2.93
422,Surt,LY,2021-05-23 21:10:18,31.2089,16.5887,72.46,61,0,21.5
423,Arawa,PG,2021-05-23 21:13:40,-6.2132,155.5367,78.89,86,100,3.0
424,Aklavik,CA,2021-05-23 21:13:40,68.2191,-135.0107,41.38,70,85,22.75
425,Seydi,TM,2021-05-23 21:13:41,39.4816,62.9137,79.29,19,0,4.92
426,Boyuibe,BO,2021-05-23 21:13:41,-20.4167,-63.2833,62.1,45,71,6.13
427,Otawara,JP,2021-05-23 21:13:41,36.8667,140.0333,59.49,80,100,1.63
428,Kostomuksha,RU,2021-05-23 21:13:42,64.571,30.5767,37.44,76,100,12.26
429,Iqaluit,CA,2021-05-23 21:13:42,63.7506,-68.5145,20.7,62,100,24.0
430,San Luis Rio Colorado,MX,2021-05-23 21:13:42,32.4631,-114.7767,89.26,7,0,6.06
431,Mosta,MT,2021-05-23 21:13:13,35.9092,14.4256,70.45,100,20,12.66
432,Oranjestad,AW,2021-05-23 21:11:10,12.524,-70.027,87.75,79,75,8.99
433,Lasa,IT,2021-05-23 21:13:42,46.6166,10.7002,50.61,92,100,2.46
434,Douglas,US,2021-05-23 21:09:05,41.3,-96.167,84.13,70,75,5.01
435,Oussouye,SN,2021-05-23 21:13:43,12.485,-16.5469,76.01,70,74,12.19
436,Itamarandiba,BR,2021-05-23 21:09:08,-17.8572,-42.8589,70.11,54,78,1.03
437,Oxapampa,PE,2021-05-23 21:13:44,-10.5775,-75.4017,65.66,93,46,2.13
438,Punta Alta,AR,2021-05-23 21:12:01,-38.8759,-62.0736,54.66,67,1,8.57
439,Zalantun,CN,2021-05-23 21:13:44,48.0,122.7167,43.3,59,99,13.85
440,Tabou,CI,2021-05-23 21:13:45,4.423,-7.3528,80.94,82,6,7.72
441,Abalak,RU,2021-05-23 21:13:45,58.1286,68.5944,56.77,81,100,5.7
442,Tabuk,PH,2021-05-23 21:13:45,17.4189,121.4443,75.04,89,2,3.78
443,Tazovskiy,RU,2021-05-23 21:13:46,67.4667,78.7,37.63,94,70,4.88
444,Vieux-Habitants,GP,2021-05-23 21:13:46,16.0589,-61.7659,83.77,69,100,14.76
445,Salina Cruz,MX,2021-05-23 21:13:46,16.1667,-95.2,97.32,39,0,22.1
446,Linxia,CN,2021-05-23 21:13:46,35.6003,103.2064,44.38,71,9,2.86
447,Tongzi,CN,2021-05-23 21:13:47,28.7829,105.0877,61.74,89,100,2.24
448,Kilifi,KE,2021-05-23 21:13:47,-3.6305,39.8499,78.26,76,74,18.14
449,Malya,TZ,2021-05-23 21:13:47,-2.9833,33.5167,67.35,68,80,6.08
450,Meadow Lake,US,2021-05-23 21:13:48,34.8014,-106.5436,83.17,7,0,18.7
451,Mahdasht,IR,2021-05-23 21:13:48,35.7299,50.8111,77.22,42,100,6.76
452,Alabaster,US,2021-05-23 21:13:48,33.2443,-86.8164,91.67,44,1,1.99
453,La Palma,US,2021-05-23 21:13:49,33.8464,-118.0467,85.33,49,1,4.0
454,Kinablangan,PH,2021-05-23 21:13:49,7.6947,126.5503,78.1,85,99,4.41
455,Longuenesse,FR,2021-05-23 21:13:50,50.734,2.2352,55.31,83,100,12.93
456,Sao Domingos Do Maranhao,BR,2021-05-23 21:13:50,-5.5758,-44.3853,80.24,63,67,3.53
457,Markova,UA,2021-05-23 21:13:50,48.6758,24.4138,51.08,99,100,0.54
458,Natal,BR,2021-05-23 21:10:42,-5.795,-35.2094,79.45,81,0,11.43
459,Fortuna,US,2021-05-23 21:13:50,40.5982,-124.1573,78.48,61,1,4.0
460,Chumikan,RU,2021-05-23 21:13:51,54.7183,135.315,32.59,96,100,25.41
461,Nhulunbuy,AU,2021-05-23 21:13:51,-12.2333,136.7667,77.61,83,75,5.75
462,Chapleau,CA,2021-05-23 21:13:51,47.8405,-83.4034,58.8,29,15,9.13
463,Sao Filipe,CV,2021-05-23 21:13:52,14.8961,-24.4956,73.83,75,0,11.99
464,Jaciara,BR,2021-05-23 21:13:52,-15.9653,-54.9683,70.2,94,100,4.74
465,Varhaug,NO,2021-05-23 21:13:53,58.6147,5.6457,47.75,79,100,7.54
466,Tessalit,ML,2021-05-23 21:13:53,20.1986,1.0114,94.95,20,99,9.93
467,Louis Trichardt,ZA,2021-05-23 21:13:53,-23.0439,29.9032,50.56,82,2,3.15
468,Port Hawkesbury,CA,2021-05-23 21:13:54,45.6169,-61.3485,55.44,95,90,14.0
469,Finnsnes,NO,2021-05-23 21:13:54,69.2296,17.9811,39.81,55,24,4.41
470,Balykshi,KZ,2021-05-23 21:13:54,47.0667,51.8667,84.2,18,0,13.42
471,Senneterre,CA,2021-05-23 21:13:54,48.3835,-77.2328,53.98,33,0,11.61
472,Wau,SS,2021-05-23 21:13:55,7.7029,27.9953,77.38,75,100,8.19
473,Alofi,NU,2021-05-23 21:13:55,-19.0595,-169.9187,80.08,77,57,8.41
474,Hervey Bay,AU,2021-05-23 21:13:55,-25.2986,152.8535,59.02,90,4,3.0
475,Villazon,BO,2021-05-23 21:13:56,-22.0866,-65.5942,56.75,11,72,4.59
476,Haikou,CN,2021-05-23 21:13:56,20.0458,110.3417,81.82,88,71,6.22
477,Sosnovo-Ozerskoye,RU,2021-05-23 21:13:56,52.5249,111.5418,30.51,63,97,7.02
478,Coahuayana,MX,2021-05-23 21:13:57,18.7333,-103.6833,98.08,42,17,8.21
479,Mirganj,IN,2021-05-23 21:13:57,28.55,79.2,81.16,42,20,8.41
480,Zharkent,KZ,2021-05-23 21:13:58,44.1628,80.0,63.66,34,36,1.1
481,Camapua,BR,2021-05-23 21:13:58,-19.5314,-54.0439,61.74,79,100,4.59
482,Axim,GH,2021-05-23 21:13:58,4.8699,-2.2405,80.04,85,30,5.37
483,Santiago,CL,2021-05-23 21:11:35,-33.4569,-70.6483,69.21,26,0,3.44
484,Nemuro,JP,2021-05-23 21:13:59,43.3236,145.575,43.54,96,100,2.98
485,Pasco,US,2021-05-23 21:13:59,28.292,-82.4165,90.0,52,72,3.0
486,Balkanabat,TM,2021-05-23 21:09:09,39.5108,54.3671,86.14,9,3,11.23
487,Galveston,US,2021-05-23 21:13:59,29.3669,-94.9669,75.97,89,100,1.01
488,Vardo,NO,2021-05-23 21:13:59,70.3705,31.1107,35.76,63,22,6.49
489,Murgab,TM,2021-05-23 21:14:00,37.4966,61.9714,75.07,10,0,5.82
490,Asau,RO,2021-05-23 21:14:00,46.4333,26.4,60.28,83,63,6.58
491,Atambua,ID,2021-05-23 21:14:00,-9.1061,124.8925,68.99,86,28,4.97
492,Maun,BW,2021-05-23 21:11:44,-19.9833,23.4167,58.35,49,0,7.43
493,Ankazoabo,MG,2021-05-23 21:14:01,-22.2833,44.5167,61.16,83,0,8.08
494,Tura,IN,2021-05-23 21:14:01,25.5198,90.2201,78.75,70,8,3.89
495,Aykhal,RU,2021-05-23 21:14:01,66.0,111.5,36.52,69,33,8.55
496,Karpogory,RU,2021-05-23 21:14:01,64.0019,44.4451,41.22,60,97,8.28
497,Bocas Del Toro,PA,2021-05-23 21:14:02,9.3333,-82.25,86.07,87,100,11.12
498,Kabalo,CD,2021-05-23 21:14:02,-6.05,26.9167,71.58,55,26,3.36
499,Lastoursville,GA,2021-05-23 21:14:02,-0.8143,12.7287,73.22,98,72,2.17
500,Grand Gaube,MU,2021-05-23 21:14:03,-20.0064,57.6608,70.38,80,22,5.01
501,Namie,JP,2021-05-23 21:14:03,37.4833,141.0,61.72,94,63,1.68
502,Quepos,CR,2021-05-23 21:14:03,9.4236,-84.1652,84.6,83,100,1.61
503,Halifax,CA,2021-05-23 21:09:27,44.6453,-63.5724,53.49,92,100,14.0
504,Beaverlodge,CA,2021-05-23 21:14:03,55.2166,-119.4361,70.05,36,89,6.76
505,Baracoa,CU,2021-05-23 21:14:04,20.3467,-74.4958,79.27,80,76,9.89
506,High Level,CA,2021-05-23 21:14:04,58.5169,-117.136,76.41,27,73,2.95
507,Formosa,AR,2021-05-23 21:14:05,-26.1775,-58.1781,62.58,59,0,5.75
508,Cetraro,IT,2021-05-23 21:14:05,39.5166,15.9416,73.29,51,73,4.56
509,Cidreira,BR,2021-05-23 21:14:05,-30.1811,-50.2056,57.83,70,27,26.49
510,Stromness,GB,2021-05-23 21:14:06,58.965,-3.296,46.65,88,75,23.71
511,Sungai Besar,MY,2021-05-23 21:14:06,3.6746,100.9867,76.33,91,11,3.47
512,Kaliua,TZ,2021-05-23 21:14:06,-5.0606,31.7936,65.53,74,3,4.47
513,Picos,BR,2021-05-23 21:14:07,-7.0769,-41.4669,84.6,34,73,4.03
514,Biak,ID,2021-05-23 21:14:07,-0.9131,122.8766,75.61,85,83,7.61
515,Empangeni,ZA,2021-05-23 21:14:07,-28.762,31.8933,59.94,85,0,6.53
516,San Quintin,MX,2021-05-23 21:14:07,30.4833,-115.95,67.23,56,0,18.39
517,Kota,IN,2021-05-23 21:14:08,25.1833,75.8333,87.55,34,17,6.06
518,Samarai,PG,2021-05-23 21:14:08,-10.6167,150.6667,79.32,73,100,18.57
519,Walvis Bay,NA,2021-05-23 21:14:08,-22.9575,14.5053,76.08,34,0,6.33
520,Sibolga,ID,2021-05-23 21:14:09,1.7427,98.7792,76.8,90,57,2.86
521,Puerto Del Rosario,ES,2021-05-23 21:12:17,28.5004,-13.8627,65.95,63,20,24.16
522,Komsomolskiy,UZ,2021-05-23 21:14:09,40.4272,71.7189,74.12,38,100,11.5
523,Saint-Louis,SN,2021-05-23 21:14:10,16.3333,-15.0,83.03,34,0,16.64
524,Papetoai,PF,2021-05-23 21:14:10,-17.4961,-149.8729,83.79,72,30,12.66
525,Hun,LY,2021-05-23 21:14:10,29.1268,15.9477,88.95,16,0,20.74
526,Edgewater,US,2021-05-23 21:14:11,28.9889,-80.9023,88.18,57,1,11.5
527,Livny,RU,2021-05-23 21:14:11,52.4253,37.6069,51.22,91,7,6.69
528,Kjopsvik,NO,2021-05-23 21:14:11,68.097,16.3742,46.17,69,100,6.11
529,Beloye,UA,2021-05-23 21:14:11,48.4952,39.0505,60.51,76,8,6.26
530,Pathein,MM,2021-05-23 21:14:12,16.7833,94.7333,80.53,81,100,15.12
531,Sola,VU,2021-05-23 21:14:12,-13.8833,167.55,78.93,78,99,18.07
532,Gazanjyk,TM,2021-05-23 21:14:12,39.2446,55.5154,80.8,10,0,7.18
533,Verkh-Suetka,RU,2021-05-23 21:14:12,53.3,80.05,63.86,79,100,8.61
534,Jining,CN,2021-05-23 21:14:13,35.405,116.5814,59.36,94,65,6.67
535,Hithadhoo,MV,2021-05-23 21:14:12,-0.6,73.0833,83.7,73,97,10.6
536,Cesena,IT,2021-05-23 21:14:13,44.1391,12.2432,70.43,63,100,2.35
537,Kieta,PG,2021-05-23 21:14:13,-6.2167,155.6333,80.42,81,100,4.88
538,Tuatapere,NZ,2021-05-23 21:14:14,-46.1333,167.6833,41.92,89,34,3.85
539,Florianopolis,BR,2021-05-23 21:14:14,-27.6146,-48.5012,69.42,31,0,1.01
540,Bonthe,SL,2021-05-23 21:14:15,7.5264,-12.505,81.88,81,9,6.78
541,Kuusamo,FI,2021-05-23 21:14:15,65.9667,29.1833,37.44,75,75,9.22
542,Nuevo Progreso,MX,2021-05-23 21:14:16,23.1667,-97.95,95.59,67,9,5.99
543,Alta Floresta,BR,2021-05-23 21:14:16,-9.8756,-56.0861,78.96,88,86,4.56
544,Isla Vista,US,2021-05-23 21:14:16,34.4133,-119.861,80.35,49,1,6.91
545,Shenjiamen,CN,2021-05-23 21:14:16,29.9576,122.298,64.6,94,100,16.58
546,Tornio,FI,2021-05-23 21:14:17,65.8481,24.1466,39.22,97,100,11.54
547,Laguna,US,2021-05-23 21:14:17,38.421,-121.4238,79.43,36,1,4.0
548,Namibe,AO,2021-05-23 21:14:17,-15.1961,12.1522,72.9,82,52,7.67
549,Honavar,IN,2021-05-23 21:14:18,14.2833,74.45,80.22,87,100,5.46
550,Turochak,RU,2021-05-23 21:14:18,52.2576,87.1224,50.0,94,28,3.96
551,Mana,GF,2021-05-23 21:14:18,5.6592,-53.7767,78.44,90,100,12.59
552,Savasleyka,RU,2021-05-23 21:14:19,55.4606,42.3207,53.51,98,52,4.79
553,Sayyan,YE,2021-05-23 21:14:19,15.1718,44.3244,64.81,53,20,4.43
554,Fuerte Olimpo,PY,2021-05-23 21:14:20,-21.0415,-57.8738,72.39,24,73,4.16
555,Morros,BR,2021-05-23 21:14:20,-9.4467,-46.3003,80.58,46,100,2.84
556,Takoradi,GH,2021-05-23 21:14:20,4.8845,-1.7554,80.4,85,39,6.87
557,Marzuq,YE,2021-05-23 21:14:20,14.4,46.4667,80.04,17,36,5.95
558,Pokhara,NP,2021-05-23 21:10:38,28.2333,83.9833,71.11,68,40,6.67
559,Villanueva De La Serena,ES,2021-05-23 21:14:21,38.9766,-5.7974,60.84,37,60,13.6
560,Vallenar,CL,2021-05-23 21:14:21,-28.5708,-70.7581,74.62,17,100,4.74
561,Mattawa,US,2021-05-23 21:14:21,46.7379,-119.9028,78.1,29,52,21.88
562,Vao,NC,2021-05-23 21:14:22,-22.6667,167.4833,72.34,53,47,17.6
